wavelength,M11,M12,M13,M14,M21,M22,M23,M24,M31,M32,M33,M34,M41,M42,M43,M44
379,1,-0.71766,0,0,-0.71766,1,0,0,0,0,-0.049544,0.694629,0,0,-0.694629,-0.049544
380,1,-0.72704,0,0,-0.72704,1,0,0,0,0,-0.050689,0.684722,0,0,-0.684722,-0.050689
381,1,-0.735585,0,0,-0.735585,1,0,0,0,0,-0.051433,0.675477,0,0,-0.675477,-0.051433
382,1,-0.743341,0,0,-0.743341,1,0,0,0,0,-0.051869,0.666899,0,0,-0.666899,-0.051869
383,1,-0.750355,0,0,-0.750355,1,0,0,0,0,-0.052078,0.658981,0,0,-0.658981,-0.052078
384,1,-0.756672,0,0,-0.756672,1,0,0,0,0,-0.052137,0.651713,0,0,-0.651713,-0.052137
385,1,-0.762317,0,0,-0.762317,1,0,0,0,0,-0.052092,0.645104,0,0,-0.645104,-0.052092
386,1,-0.767333,0,0,-0.767333,1,0,0,0,0,-0.052012,0.639136,0,0,-0.639136,-0.052012
387,1,-0.771782,0,0,-0.771782,1,0,0,0,0,-0.051976,0.633759,0,0,-0.633759,-0.051976
388,1,-0.775703,0,0,-0.775703,1,0,0,0,0,-0.052031,0.628949,0,0,-0.628949,-0.052031
389,1,-0.779133,0,0,-0.779133,1,0,0,0,0,-0.052219,0.62468,0,0,-0.62468,-0.052219
390,1,-0.782106,0,0,-0.782106,1,0,0,0,0,-0.052577,0.620923,0,0,-0.620923,-0.052577
391,1,-0.784627,0,0,-0.784627,1,0,0,0,0,-0.053127,0.617688,0,0,-0.617688,-0.053127
392,1,-0.786745,0,0,-0.786745,1,0,0,0,0,-0.053915,0.61492,0,0,-0.61492,-0.053915
393,1,-0.788499,0,0,-0.788499,1,0,0,0,0,-0.054973,0.612575,0,0,-0.612575,-0.054973
394,1,-0.789915,0,0,-0.789915,1,0,0,0,0,-0.056324,0.610624,0,0,-0.610624,-0.056324
395,1,-0.791019,0,0,-0.791019,1,0,0,0,0,-0.057989,0.609038,0,0,-0.609038,-0.057989
396,1,-0.79181,0,0,-0.79181,1,0,0,0,0,-0.059986,0.607815,0,0,-0.607815,-0.059986
397,1,-0.792322,0,0,-0.792322,1,0,0,0,0,-0.062339,0.60691,0,0,-0.60691,-0.062339
398,1,-0.792589,0,0,-0.792589,1,0,0,0,0,-0.065062,0.606275,0,0,-0.606275,-0.065062
399,1,-0.79263,0,0,-0.79263,1,0,0,0,0,-0.068169,0.60588,0,0,-0.60588,-0.068169
400,1,-0.792462,0,0,-0.792462,1,0,0,0,0,-0.071671,0.605695,0,0,-0.605695,-0.071671
401,1,-0.792075,0,0,-0.792075,1,0,0,0,0,-0.075587,0.605726,0,0,-0.605726,-0.075587
402,1,-0.791516,0,0,-0.791516,1,0,0,0,0,-0.079918,0.6059,0,0,-0.6059,-0.079918
403,1,-0.790802,0,0,-0.790802,1,0,0,0,0,-0.08467,0.606187,0,0,-0.606187,-0.08467
404,1,-0.789948,0,0,-0.789948,1,0,0,0,0,-0.089847,0.606556,0,0,-0.606556,-0.089847
405,1,-0.78895,0,0,-0.78895,1,0,0,0,0,-0.095461,0.606997,0,0,-0.606997,-0.095461
406,1,-0.787836,0,0,-0.787836,1,0,0,0,0,-0.101506,0.607463,0,0,-0.607463,-0.101506
407,1,-0.786626,0,0,-0.786626,1,0,0,0,0,-0.107978,0.607914,0,0,-0.607914,-0.107978
408,1,-0.785335,0,0,-0.785335,1,0,0,0,0,-0.114874,0.60832,0,0,-0.60832,-0.114874
409,1,-0.783959,0,0,-0.783959,1,0,0,0,0,-0.122195,0.608668,0,0,-0.608668,-0.122195
410,1,-0.782521,0,0,-0.782521,1,0,0,0,0,-0.12993,0.608917,0,0,-0.608917,-0.12993
411,1,-0.781039,0,0,-0.781039,1,0,0,0,0,-0.138065,0.609029,0,0,-0.609029,-0.138065
412,1,-0.779525,0,0,-0.779525,1,0,0,0,0,-0.146588,0.608977,0,0,-0.608977,-0.146588
413,1,-0.777972,0,0,-0.777972,1,0,0,0,0,-0.155496,0.608753,0,0,-0.608753,-0.155496
414,1,-0.776406,0,0,-0.776406,1,0,0,0,0,-0.164765,0.608314,0,0,-0.608314,-0.164765
415,1,-0.77484,0,0,-0.77484,1,0,0,0,0,-0.174376,0.607632,0,0,-0.607632,-0.174376
416,1,-0.773277,0,0,-0.773277,1,0,0,0,0,-0.184313,0.606689,0,0,-0.606689,-0.184313
417,1,-0.771717,0,0,-0.771717,1,0,0,0,0,-0.194562,0.605474,0,0,-0.605474,-0.194562
418,1,-0.770182,0,0,-0.770182,1,0,0,0,0,-0.205094,0.603951,0,0,-0.603951,-0.205094
419,1,-0.768679,0,0,-0.768679,1,0,0,0,0,-0.215885,0.602101,0,0,-0.602101,-0.215885
420,1,-0.7672,0,0,-0.7672,1,0,0,0,0,-0.226922,0.599925,0,0,-0.599925,-0.226922
421,1,-0.765762,0,0,-0.765762,1,0,0,0,0,-0.238174,0.597395,0,0,-0.597395,-0.238174
422,1,-0.764375,0,0,-0.764375,1,0,0,0,0,-0.249615,0.594494,0,0,-0.594494,-0.249615
423,1,-0.763033,0,0,-0.763033,1,0,0,0,0,-0.261223,0.591221,0,0,-0.591221,-0.261223
424,1,-0.761741,0,0,-0.761741,1,0,0,0,0,-0.272976,0.587567,0,0,-0.587567,-0.272976
425,1,-0.760512,0,0,-0.760512,1,0,0,0,0,-0.284841,0.583513,0,0,-0.583513,-0.284841
426,1,-0.759343,0,0,-0.759343,1,0,0,0,0,-0.296796,0.57906,0,0,-0.57906,-0.296796
427,1,-0.758228,0,0,-0.758228,1,0,0,0,0,-0.308821,0.574212,0,0,-0.574212,-0.308821
428,1,-0.757184,0,0,-0.757184,1,0,0,0,0,-0.320883,0.568952,0,0,-0.568952,-0.320883
429,1,-0.756208,0,0,-0.756208,1,0,0,0,0,-0.33296,0.563282,0,0,-0.563282,-0.33296
430,1,-0.755289,0,0,-0.755289,1,0,0,0,0,-0.345033,0.557216,0,0,-0.557216,-0.345033
431,1,-0.754444,0,0,-0.754444,1,0,0,0,0,-0.357072,0.550739,0,0,-0.550739,-0.357072
432,1,-0.753672,0,0,-0.753672,1,0,0,0,0,-0.369052,0.543857,0,0,-0.543857,-0.369052
433,1,-0.752956,0,0,-0.752956,1,0,0,0,0,-0.380961,0.536588,0,0,-0.536588,-0.380961
434,1,-0.752315,0,0,-0.752315,1,0,0,0,0,-0.392766,0.528921,0,0,-0.528921,-0.392766
435,1,-0.751744,0,0,-0.751744,1,0,0,0,0,-0.404448,0.520868,0,0,-0.520868,-0.404448
436,1,-0.75123,0,0,-0.75123,1,0,0,0,0,-0.415995,0.512447,0,0,-0.512447,-0.415995
437,1,-0.750789,0,0,-0.750789,1,0,0,0,0,-0.427376,0.503652,0,0,-0.503652,-0.427376
438,1,-0.750413,0,0,-0.750413,1,0,0,0,0,-0.438578,0.4945,0,0,-0.4945,-0.438578
439,1,-0.750092,0,0,-0.750092,1,0,0,0,0,-0.449587,0.485008,0,0,-0.485008,-0.449587
440,1,-0.74984,0,0,-0.74984,1,0,0,0,0,-0.460378,0.475176,0,0,-0.475176,-0.460378
441,1,-0.749645,0,0,-0.749645,1,0,0,0,0,-0.47094,0.465025,0,0,-0.465025,-0.47094
442,1,-0.749504,0,0,-0.749504,1,0,0,0,0,-0.481261,0.454568,0,0,-0.454568,-0.481261
443,1,-0.749425,0,0,-0.749425,1,0,0,0,0,-0.491318,0.44381,0,0,-0.44381,-0.491318
444,1,-0.749392,0,0,-0.749392,1,0,0,0,0,-0.501111,0.43278,0,0,-0.43278,-0.501111
445,1,-0.749412,0,0,-0.749412,1,0,0,0,0,-0.51062,0.421483,0,0,-0.421483,-0.51062
446,1,-0.749487,0,0,-0.749487,1,0,0,0,0,-0.519833,0.409932,0,0,-0.409932,-0.519833
447,1,-0.749595,0,0,-0.749595,1,0,0,0,0,-0.528752,0.398156,0,0,-0.398156,-0.528752
448,1,-0.749754,0,0,-0.749754,1,0,0,0,0,-0.537356,0.386156,0,0,-0.386156,-0.537356
449,1,-0.749952,0,0,-0.749952,1,0,0,0,0,-0.545645,0.373955,0,0,-0.373955,-0.545645
450,1,-0.750184,0,0,-0.750184,1,0,0,0,0,-0.553615,0.361572,0,0,-0.361572,-0.553615
451,1,-0.750458,0,0,-0.750458,1,0,0,0,0,-0.561251,0.349014,0,0,-0.349014,-0.561251
452,1,-0.750753,0,0,-0.750753,1,0,0,0,0,-0.568564,0.336309,0,0,-0.336309,-0.568564
453,1,-0.751083,0,0,-0.751083,1,0,0,0,0,-0.57554,0.323463,0,0,-0.323463,-0.57554
454,1,-0.751439,0,0,-0.751439,1,0,0,0,0,-0.582179,0.310495,0,0,-0.310495,-0.582179
455,1,-0.751812,0,0,-0.751812,1,0,0,0,0,-0.588488,0.297424,0,0,-0.297424,-0.588488
456,1,-0.752213,0,0,-0.752213,1,0,0,0,0,-0.594453,0.284256,0,0,-0.284256,-0.594453
457,1,-0.752622,0,0,-0.752622,1,0,0,0,0,-0.600091,0.271018,0,0,-0.271018,-0.600091
458,1,-0.75305,0,0,-0.75305,1,0,0,0,0,-0.605392,0.257714,0,0,-0.257714,-0.605392
459,1,-0.75349,0,0,-0.75349,1,0,0,0,0,-0.610361,0.244361,0,0,-0.244361,-0.610361
460,1,-0.753933,0,0,-0.753933,1,0,0,0,0,-0.615008,0.230976,0,0,-0.230976,-0.615008
461,1,-0.754391,0,0,-0.754391,1,0,0,0,0,-0.619322,0.217564,0,0,-0.217564,-0.619322
462,1,-0.754841,0,0,-0.754841,1,0,0,0,0,-0.623328,0.204147,0,0,-0.204147,-0.623328
463,1,-0.7553,0,0,-0.7553,1,0,0,0,0,-0.627013,0.190728,0,0,-0.190728,-0.627013
464,1,-0.755753,0,0,-0.755753,1,0,0,0,0,-0.630391,0.177323,0,0,-0.177323,-0.630391
465,1,-0.756203,0,0,-0.756203,1,0,0,0,0,-0.633467,0.163941,0,0,-0.163941,-0.633467
466,1,-0.75665,0,0,-0.75665,1,0,0,0,0,-0.636241,0.150591,0,0,-0.150591,-0.636241
467,1,-0.757082,0,0,-0.757082,1,0,0,0,0,-0.638733,0.137286,0,0,-0.137286,-0.638733
468,1,-0.757512,0,0,-0.757512,1,0,0,0,0,-0.640931,0.124027,0,0,-0.124027,-0.640931
469,1,-0.75792,0,0,-0.75792,1,0,0,0,0,-0.642863,0.110833,0,0,-0.110833,-0.642863
470,1,-0.758321,0,0,-0.758321,1,0,0,0,0,-0.644518,0.097702,0,0,-0.097702,-0.644518
471,1,-0.758702,0,0,-0.758702,1,0,0,0,0,-0.645915,0.084646,0,0,-0.084646,-0.645915
472,1,-0.759067,0,0,-0.759067,1,0,0,0,0,-0.647055,0.071671,0,0,-0.071671,-0.647055
473,1,-0.759415,0,0,-0.759415,1,0,0,0,0,-0.647946,0.058781,0,0,-0.058781,-0.647946
474,1,-0.759739,0,0,-0.759739,1,0,0,0,0,-0.6486,0.045984,0,0,-0.045984,-0.6486
475,1,-0.760047,0,0,-0.760047,1,0,0,0,0,-0.649015,0.033282,0,0,-0.033282,-0.649015
476,1,-0.760324,0,0,-0.760324,1,0,0,0,0,-0.649215,0.020684,0,0,-0.020684,-0.649215
477,1,-0.760586,0,0,-0.760586,1,0,0,0,0,-0.649186,0.008188,0,0,-0.008188,-0.649186
478,1,-0.760814,0,0,-0.760814,1,0,0,0,0,-0.648956,-0.004196,0,0,0.004196,-0.648956
479,1,-0.761024,0,0,-0.761024,1,0,0,0,0,-0.648515,-0.01647,0,0,0.01647,-0.648515
480,1,-0.761201,0,0,-0.761201,1,0,0,0,0,-0.647884,-0.028627,0,0,0.028627,-0.647884
481,1,-0.761355,0,0,-0.761355,1,0,0,0,0,-0.647058,-0.040667,0,0,0.040667,-0.647058
482,1,-0.761479,0,0,-0.761479,1,0,0,0,0,-0.646053,-0.052587,0,0,0.052587,-0.646053
483,1,-0.761575,0,0,-0.761575,1,0,0,0,0,-0.644871,-0.064385,0,0,0.064385,-0.644871
484,1,-0.761642,0,0,-0.761642,1,0,0,0,0,-0.643519,-0.07606,0,0,0.07606,-0.643519
485,1,-0.761678,0,0,-0.761678,1,0,0,0,0,-0.642005,-0.08761,0,0,0.08761,-0.642005
486,1,-0.761687,0,0,-0.761687,1,0,0,0,0,-0.640332,-0.099035,0,0,0.099035,-0.640332
487,1,-0.761662,0,0,-0.761662,1,0,0,0,0,-0.638512,-0.110332,0,0,0.110332,-0.638512
488,1,-0.761612,0,0,-0.761612,1,0,0,0,0,-0.636541,-0.121502,0,0,0.121502,-0.636541
489,1,-0.761524,0,0,-0.761524,1,0,0,0,0,-0.634439,-0.132544,0,0,0.132544,-0.634439
490,1,-0.761413,0,0,-0.761413,1,0,0,0,0,-0.632194,-0.143458,0,0,0.143458,-0.632194
491,1,-0.761264,0,0,-0.761264,1,0,0,0,0,-0.629831,-0.154243,0,0,0.154243,-0.629831
492,1,-0.761091,0,0,-0.761091,1,0,0,0,0,-0.627334,-0.164901,0,0,0.164901,-0.627334
493,1,-0.760879,0,0,-0.760879,1,0,0,0,0,-0.62473,-0.17543,0,0,0.17543,-0.62473
494,1,-0.760645,0,0,-0.760645,1,0,0,0,0,-0.622002,-0.185831,0,0,0.185831,-0.622002
495,1,-0.760371,0,0,-0.760371,1,0,0,0,0,-0.619176,-0.196106,0,0,0.196106,-0.619176
496,1,-0.760075,0,0,-0.760075,1,0,0,0,0,-0.616235,-0.206253,0,0,0.206253,-0.616235
497,1,-0.759739,0,0,-0.759739,1,0,0,0,0,-0.613206,-0.216274,0,0,0.216274,-0.613206
498,1,-0.759382,0,0,-0.759382,1,0,0,0,0,-0.610071,-0.22617,0,0,0.22617,-0.610071
499,1,-0.758986,0,0,-0.758986,1,0,0,0,0,-0.606855,-0.235941,0,0,0.235941,-0.606855
500,1,-0.758568,0,0,-0.758568,1,0,0,0,0,-0.603541,-0.245587,0,0,0.245587,-0.603541
501,1,-0.758111,0,0,-0.758111,1,0,0,0,0,-0.600154,-0.255112,0,0,0.255112,-0.600154
502,1,-0.757634,0,0,-0.757634,1,0,0,0,0,-0.596677,-0.264513,0,0,0.264513,-0.596677
503,1,-0.757119,0,0,-0.757119,1,0,0,0,0,-0.593134,-0.273795,0,0,0.273795,-0.593134
504,1,-0.756582,0,0,-0.756582,1,0,0,0,0,-0.589508,-0.282955,0,0,0.282955,-0.589508
505,1,-0.756009,0,0,-0.756009,1,0,0,0,0,-0.585822,-0.291997,0,0,0.291997,-0.585822
506,1,-0.755415,0,0,-0.755415,1,0,0,0,0,-0.582061,-0.30092,0,0,0.30092,-0.582061
507,1,-0.754786,0,0,-0.754786,1,0,0,0,0,-0.578244,-0.309729,0,0,0.309729,-0.578244
508,1,-0.754135,0,0,-0.754135,1,0,0,0,0,-0.57436,-0.318419,0,0,0.318419,-0.57436
509,1,-0.753451,0,0,-0.753451,1,0,0,0,0,-0.570425,-0.326997,0,0,0.326997,-0.570425
510,1,-0.752744,0,0,-0.752744,1,0,0,0,0,-0.566429,-0.335461,0,0,0.335461,-0.566429
511,1,-0.752007,0,0,-0.752007,1,0,0,0,0,-0.562386,-0.343813,0,0,0.343813,-0.562386
512,1,-0.751246,0,0,-0.751246,1,0,0,0,0,-0.55829,-0.352054,0,0,0.352054,-0.55829
513,1,-0.750456,0,0,-0.750456,1,0,0,0,0,-0.554149,-0.360186,0,0,0.360186,-0.554149
514,1,-0.749642,0,0,-0.749642,1,0,0,0,0,-0.549962,-0.36821,0,0,0.36821,-0.549962
515,1,-0.748802,0,0,-0.748802,1,0,0,0,0,-0.545733,-0.376126,0,0,0.376126,-0.545733
516,1,-0.747936,0,0,-0.747936,1,0,0,0,0,-0.541465,-0.383937,0,0,0.383937,-0.541465
517,1,-0.747047,0,0,-0.747047,1,0,0,0,0,-0.537156,-0.391642,0,0,0.391642,-0.537156
518,1,-0.746131,0,0,-0.746131,1,0,0,0,0,-0.532815,-0.399246,0,0,0.399246,-0.532815
519,1,-0.745194,0,0,-0.745194,1,0,0,0,0,-0.528435,-0.406745,0,0,0.406745,-0.528435
520,1,-0.744228,0,0,-0.744228,1,0,0,0,0,-0.52403,-0.414146,0,0,0.414146,-0.52403
521,1,-0.743245,0,0,-0.743245,1,0,0,0,0,-0.519587,-0.421445,0,0,0.421445,-0.519587
522,1,-0.742232,0,0,-0.742232,1,0,0,0,0,-0.515124,-0.428648,0,0,0.428648,-0.515124
523,1,-0.741201,0,0,-0.741201,1,0,0,0,0,-0.510628,-0.435752,0,0,0.435752,-0.510628
524,1,-0.740144,0,0,-0.740144,1,0,0,0,0,-0.506112,-0.442762,0,0,0.442762,-0.506112
525,1,-0.739067,0,0,-0.739067,1,0,0,0,0,-0.50157,-0.449675,0,0,0.449675,-0.50157
526,1,-0.737967,0,0,-0.737967,1,0,0,0,0,-0.497007,-0.456497,0,0,0.456497,-0.497007
527,1,-0.736845,0,0,-0.736845,1,0,0,0,0,-0.492424,-0.463226,0,0,0.463226,-0.492424
528,1,-0.735703,0,0,-0.735703,1,0,0,0,0,-0.487822,-0.469863,0,0,0.469863,-0.487822
529,1,-0.734537,0,0,-0.734537,1,0,0,0,0,-0.483205,-0.476412,0,0,0.476412,-0.483205
530,1,-0.733355,0,0,-0.733355,1,0,0,0,0,-0.478568,-0.48287,0,0,0.48287,-0.478568
531,1,-0.732147,0,0,-0.732147,1,0,0,0,0,-0.473922,-0.489243,0,0,0.489243,-0.473922
532,1,-0.730923,0,0,-0.730923,1,0,0,0,0,-0.469258,-0.495528,0,0,0.495528,-0.469258
533,1,-0.729675,0,0,-0.729675,1,0,0,0,0,-0.464587,-0.50173,0,0,0.50173,-0.464587
534,1,-0.728411,0,0,-0.728411,1,0,0,0,0,-0.459902,-0.507846,0,0,0.507846,-0.459902
535,1,-0.727125,0,0,-0.727125,1,0,0,0,0,-0.455209,-0.513881,0,0,0.513881,-0.455209
536,1,-0.72582,0,0,-0.72582,1,0,0,0,0,-0.450508,-0.519834,0,0,0.519834,-0.450508
537,1,-0.724499,0,0,-0.724499,1,0,0,0,0,-0.445798,-0.525706,0,0,0.525706,-0.445798
538,1,-0.723154,0,0,-0.723154,1,0,0,0,0,-0.441085,-0.5315,0,0,0.5315,-0.441085
539,1,-0.721795,0,0,-0.721795,1,0,0,0,0,-0.436363,-0.537214,0,0,0.537214,-0.436363
540,1,-0.720414,0,0,-0.720414,1,0,0,0,0,-0.431641,-0.542854,0,0,0.542854,-0.431641
541,1,-0.719017,0,0,-0.719017,1,0,0,0,0,-0.426914,-0.548415,0,0,0.548415,-0.426914
542,1,-0.717601,0,0,-0.717601,1,0,0,0,0,-0.422185,-0.553903,0,0,0.553903,-0.422185
543,1,-0.716167,0,0,-0.716167,1,0,0,0,0,-0.417455,-0.559317,0,0,0.559317,-0.417455
544,1,-0.714718,0,0,-0.714718,1,0,0,0,0,-0.412722,-0.564657,0,0,0.564657,-0.412722
545,1,-0.713247,0,0,-0.713247,1,0,0,0,0,-0.407995,-0.569929,0,0,0.569929,-0.407995
546,1,-0.711763,0,0,-0.711763,1,0,0,0,0,-0.403264,-0.575127,0,0,0.575127,-0.403264
547,1,-0.710259,0,0,-0.710259,1,0,0,0,0,-0.398539,-0.580258,0,0,0.580258,-0.398539
548,1,-0.708739,0,0,-0.708739,1,0,0,0,0,-0.393815,-0.585319,0,0,0.585319,-0.393815
549,1,-0.707203,0,0,-0.707203,1,0,0,0,0,-0.389093,-0.590313,0,0,0.590313,-0.389093
550,1,-0.705648,0,0,-0.705648,1,0,0,0,0,-0.384379,-0.595242,0,0,0.595242,-0.384379
551,1,-0.704081,0,0,-0.704081,1,0,0,0,0,-0.379666,-0.600104,0,0,0.600104,-0.379666
552,1,-0.702492,0,0,-0.702492,1,0,0,0,0,-0.374962,-0.604904,0,0,0.604904,-0.374962
553,1,-0.700889,0,0,-0.700889,1,0,0,0,0,-0.370263,-0.609639,0,0,0.609639,-0.370263
554,1,-0.69927,0,0,-0.69927,1,0,0,0,0,-0.36557,-0.614312,0,0,0.614312,-0.36557
555,1,-0.697634,0,0,-0.697634,1,0,0,0,0,-0.360886,-0.618925,0,0,0.618925,-0.360886
556,1,-0.695985,0,0,-0.695985,1,0,0,0,0,-0.356207,-0.623475,0,0,0.623475,-0.356207
557,1,-0.694315,0,0,-0.694315,1,0,0,0,0,-0.351541,-0.627969,0,0,0.627969,-0.351541
558,1,-0.692633,0,0,-0.692633,1,0,0,0,0,-0.34688,-0.632403,0,0,0.632403,-0.34688
559,1,-0.690935,0,0,-0.690935,1,0,0,0,0,-0.34223,-0.636779,0,0,0.636779,-0.34223
560,1,-0.689219,0,0,-0.689219,1,0,0,0,0,-0.337591,-0.6411,0,0,0.6411,-0.337591
561,1,-0.687491,0,0,-0.687491,1,0,0,0,0,-0.33296,-0.645363,0,0,0.645363,-0.33296
562,1,-0.685743,0,0,-0.685743,1,0,0,0,0,-0.328343,-0.649574,0,0,0.649574,-0.328343
563,1,-0.683983,0,0,-0.683983,1,0,0,0,0,-0.323735,-0.65373,0,0,0.65373,-0.323735
564,1,-0.682207,0,0,-0.682207,1,0,0,0,0,-0.319139,-0.657833,0,0,0.657833,-0.319139
565,1,-0.680413,0,0,-0.680413,1,0,0,0,0,-0.314557,-0.661885,0,0,0.661885,-0.314557
566,1,-0.678608,0,0,-0.678608,1,0,0,0,0,-0.309984,-0.665884,0,0,0.665884,-0.309984
567,1,-0.676784,0,0,-0.676784,1,0,0,0,0,-0.305427,-0.669834,0,0,0.669834,-0.305427
568,1,-0.674946,0,0,-0.674946,1,0,0,0,0,-0.300882,-0.673735,0,0,0.673735,-0.300882
569,1,-0.673094,0,0,-0.673094,1,0,0,0,0,-0.296349,-0.677585,0,0,0.677585,-0.296349
570,1,-0.671224,0,0,-0.671224,1,0,0,0,0,-0.291832,-0.68139,0,0,0.68139,-0.291832
571,1,-0.669341,0,0,-0.669341,1,0,0,0,0,-0.287327,-0.685146,0,0,0.685146,-0.287327
572,1,-0.667442,0,0,-0.667442,1,0,0,0,0,-0.282838,-0.688857,0,0,0.688857,-0.282838
573,1,-0.665527,0,0,-0.665527,1,0,0,0,0,-0.278363,-0.692523,0,0,0.692523,-0.278363
574,1,-0.663599,0,0,-0.663599,1,0,0,0,0,-0.2739,-0.696143,0,0,0.696143,-0.2739
575,1,-0.661653,0,0,-0.661653,1,0,0,0,0,-0.269456,-0.699721,0,0,0.699721,-0.269456
576,1,-0.659693,0,0,-0.659693,1,0,0,0,0,-0.265026,-0.703254,0,0,0.703254,-0.265026
577,1,-0.657719,0,0,-0.657719,1,0,0,0,0,-0.26061,-0.706745,0,0,0.706745,-0.26061
578,1,-0.655726,0,0,-0.655726,1,0,0,0,0,-0.256212,-0.710196,0,0,0.710196,-0.256212
579,1,-0.653721,0,0,-0.653721,1,0,0,0,0,-0.251827,-0.713605,0,0,0.713605,-0.251827
580,1,-0.651699,0,0,-0.651699,1,0,0,0,0,-0.247459,-0.716974,0,0,0.716974,-0.247459
581,1,-0.649661,0,0,-0.649661,1,0,0,0,0,-0.243109,-0.720304,0,0,0.720304,-0.243109
582,1,-0.647611,0,0,-0.647611,1,0,0,0,0,-0.238771,-0.723594,0,0,0.723594,-0.238771
583,1,-0.645541,0,0,-0.645541,1,0,0,0,0,-0.234453,-0.726848,0,0,0.726848,-0.234453
584,1,-0.643458,0,0,-0.643458,1,0,0,0,0,-0.230151,-0.730064,0,0,0.730064,-0.230151
585,1,-0.64136,0,0,-0.64136,1,0,0,0,0,-0.225863,-0.733241,0,0,0.733241,-0.225863
586,1,-0.639243,0,0,-0.639243,1,0,0,0,0,-0.221595,-0.736386,0,0,0.736386,-0.221595
587,1,-0.637113,0,0,-0.637113,1,0,0,0,0,-0.217342,-0.739493,0,0,0.739493,-0.217342
588,1,-0.634967,0,0,-0.634967,1,0,0,0,0,-0.213105,-0.742565,0,0,0.742565,-0.213105
589,1,-0.632803,0,0,-0.632803,1,0,0,0,0,-0.208887,-0.745605,0,0,0.745605,-0.208887
590,1,-0.630625,0,0,-0.630625,1,0,0,0,0,-0.204684,-0.74861,0,0,0.74861,-0.204684
591,1,-0.62843,0,0,-0.62843,1,0,0,0,0,-0.200499,-0.751582,0,0,0.751582,-0.200499
592,1,-0.626218,0,0,-0.626218,1,0,0,0,0,-0.196331,-0.754523,0,0,0.754523,-0.196331
593,1,-0.623992,0,0,-0.623992,1,0,0,0,0,-0.192179,-0.757431,0,0,0.757431,-0.192179
594,1,-0.621747,0,0,-0.621747,1,0,0,0,0,-0.188045,-0.760309,0,0,0.760309,-0.188045
595,1,-0.619486,0,0,-0.619486,1,0,0,0,0,-0.183929,-0.763156,0,0,0.763156,-0.183929
596,1,-0.617211,0,0,-0.617211,1,0,0,0,0,-0.179827,-0.765971,0,0,0.765971,-0.179827
597,1,-0.614916,0,0,-0.614916,1,0,0,0,0,-0.175746,-0.76876,0,0,0.76876,-0.175746
598,1,-0.612605,0,0,-0.612605,1,0,0,0,0,-0.17168,-0.771519,0,0,0.771519,-0.17168
599,1,-0.61028,0,0,-0.61028,1,0,0,0,0,-0.16763,-0.774247,0,0,0.774247,-0.16763
600,1,-0.607933,0,0,-0.607933,1,0,0,0,0,-0.1636,-0.776951,0,0,0.776951,-0.1636
601,1,-0.605571,0,0,-0.605571,1,0,0,0,0,-0.159585,-0.779626,0,0,0.779626,-0.159585
602,1,-0.603194,0,0,-0.603194,1,0,0,0,0,-0.155586,-0.782273,0,0,0.782273,-0.155586
603,1,-0.600795,0,0,-0.600795,1,0,0,0,0,-0.151607,-0.784896,0,0,0.784896,-0.151607
604,1,-0.59838,0,0,-0.59838,1,0,0,0,0,-0.147643,-0.787491,0,0,0.787491,-0.147643
605,1,-0.59595,0,0,-0.59595,1,0,0,0,0,-0.143695,-0.790061,0,0,0.790061,-0.143695
606,1,-0.593498,0,0,-0.593498,1,0,0,0,0,-0.139767,-0.792607,0,0,0.792607,-0.139767
607,1,-0.591029,0,0,-0.591029,1,0,0,0,0,-0.135853,-0.795128,0,0,0.795128,-0.135853
608,1,-0.588544,0,0,-0.588544,1,0,0,0,0,-0.131955,-0.797624,0,0,0.797624,-0.131955
609,1,-0.586037,0,0,-0.586037,1,0,0,0,0,-0.128077,-0.800098,0,0,0.800098,-0.128077
610,1,-0.583514,0,0,-0.583514,1,0,0,0,0,-0.124213,-0.802547,0,0,0.802547,-0.124213
611,1,-0.580973,0,0,-0.580973,1,0,0,0,0,-0.120365,-0.804973,0,0,0.804973,-0.120365
612,1,-0.57841,0,0,-0.57841,1,0,0,0,0,-0.116536,-0.807379,0,0,0.807379,-0.116536
613,1,-0.57583,0,0,-0.57583,1,0,0,0,0,-0.112721,-0.809761,0,0,0.809761,-0.112721
614,1,-0.573232,0,0,-0.573232,1,0,0,0,0,-0.108921,-0.812121,0,0,0.812121,-0.108921
615,1,-0.570611,0,0,-0.570611,1,0,0,0,0,-0.105141,-0.814462,0,0,0.814462,-0.105141
616,1,-0.567973,0,0,-0.567973,1,0,0,0,0,-0.101374,-0.81678,0,0,0.81678,-0.101374
617,1,-0.565316,0,0,-0.565316,1,0,0,0,0,-0.097622,-0.819077,0,0,0.819077,-0.097622
618,1,-0.562636,0,0,-0.562636,1,0,0,0,0,-0.093889,-0.821356,0,0,0.821356,-0.093889
619,1,-0.559937,0,0,-0.559937,1,0,0,0,0,-0.09017,-0.823614,0,0,0.823614,-0.09017
620,1,-0.55722,0,0,-0.55722,1,0,0,0,0,-0.086465,-0.825851,0,0,0.825851,-0.086465
621,1,-0.554479,0,0,-0.554479,1,0,0,0,0,-0.082778,-0.828071,0,0,0.828071,-0.082778
622,1,-0.551718,0,0,-0.551718,1,0,0,0,0,-0.079105,-0.830271,0,0,0.830271,-0.079105
623,1,-0.548939,0,0,-0.548939,1,0,0,0,0,-0.075446,-0.832451,0,0,0.832451,-0.075446
624,1,-0.546135,0,0,-0.546135,1,0,0,0,0,-0.071804,-0.834614,0,0,0.834614,-0.071804
625,1,-0.54331,0,0,-0.54331,1,0,0,0,0,-0.068176,-0.836759,0,0,0.836759,-0.068176
626,1,-0.540466,0,0,-0.540466,1,0,0,0,0,-0.064561,-0.838885,0,0,0.838885,-0.064561
627,1,-0.537598,0,0,-0.537598,1,0,0,0,0,-0.060963,-0.840995,0,0,0.840995,-0.060963
628,1,-0.534708,0,0,-0.534708,1,0,0,0,0,-0.057379,-0.843087,0,0,0.843087,-0.057379
629,1,-0.531798,0,0,-0.531798,1,0,0,0,0,-0.053807,-0.84516,0,0,0.84516,-0.053807
630,1,-0.528863,0,0,-0.528863,1,0,0,0,0,-0.050251,-0.847218,0,0,0.847218,-0.050251
631,1,-0.525905,0,0,-0.525905,1,0,0,0,0,-0.046709,-0.849259,0,0,0.849259,-0.046709
632,1,-0.522927,0,0,-0.522927,1,0,0,0,0,-0.04318,-0.851283,0,0,0.851283,-0.04318
633,1,-0.519924,0,0,-0.519924,1,0,0,0,0,-0.039664,-0.853291,0,0,0.853291,-0.039664
634,1,-0.516896,0,0,-0.516896,1,0,0,0,0,-0.036163,-0.855284,0,0,0.855284,-0.036163
635,1,-0.513847,0,0,-0.513847,1,0,0,0,0,-0.032675,-0.857259,0,0,0.857259,-0.032675
636,1,-0.510775,0,0,-0.510775,1,0,0,0,0,-0.029197,-0.859219,0,0,0.859219,-0.029197
637,1,-0.507675,0,0,-0.507675,1,0,0,0,0,-0.025737,-0.861164,0,0,0.861164,-0.025737
638,1,-0.504552,0,0,-0.504552,1,0,0,0,0,-0.022287,-0.863093,0,0,0.863093,-0.022287
639,1,-0.501407,0,0,-0.501407,1,0,0,0,0,-0.018848,-0.865006,0,0,0.865006,-0.018848
640,1,-0.498234,0,0,-0.498234,1,0,0,0,0,-0.015424,-0.866905,0,0,0.866905,-0.015424
641,1,-0.495037,0,0,-0.495037,1,0,0,0,0,-0.012012,-0.868789,0,0,0.868789,-0.012012
642,1,-0.491815,0,0,-0.491815,1,0,0,0,0,-0.00861,-0.870657,0,0,0.870657,-0.00861
643,1,-0.488568,0,0,-0.488568,1,0,0,0,0,-0.005221,-0.87251,0,0,0.87251,-0.005221
644,1,-0.485293,0,0,-0.485293,1,0,0,0,0,-0.001845,-0.87435,0,0,0.87435,-0.001845
645,1,-0.481993,0,0,-0.481993,1,0,0,0,0,0.001522,-0.876173,0,0,0.876173,0.001522
646,1,-0.478668,0,0,-0.478668,1,0,0,0,0,0.004877,-0.877982,0,0,0.877982,0.004877
647,1,-0.475314,0,0,-0.475314,1,0,0,0,0,0.008219,-0.879778,0,0,0.879778,0.008219
648,1,-0.471934,0,0,-0.471934,1,0,0,0,0,0.011552,-0.881558,0,0,0.881558,0.011552
649,1,-0.468528,0,0,-0.468528,1,0,0,0,0,0.014875,-0.883323,0,0,0.883323,0.014875
650,1,-0.465093,0,0,-0.465093,1,0,0,0,0,0.018186,-0.885075,0,0,0.885075,0.018186
651,1,-0.46163,0,0,-0.46163,1,0,0,0,0,0.021486,-0.886812,0,0,0.886812,0.021486
652,1,-0.458141,0,0,-0.458141,1,0,0,0,0,0.024778,-0.888534,0,0,0.888534,0.024778
653,1,-0.454623,0,0,-0.454623,1,0,0,0,0,0.02806,-0.890242,0,0,0.890242,0.02806
654,1,-0.451075,0,0,-0.451075,1,0,0,0,0,0.03133,-0.891936,0,0,0.891936,0.03133
655,1,-0.447499,0,0,-0.447499,1,0,0,0,0,0.034592,-0.893615,0,0,0.893615,0.034592
656,1,-0.443896,0,0,-0.443896,1,0,0,0,0,0.037847,-0.895279,0,0,0.895279,0.037847
657,1,-0.44026,0,0,-0.44026,1,0,0,0,0,0.041088,-0.89693,0,0,0.89693,0.041088
658,1,-0.436596,0,0,-0.436596,1,0,0,0,0,0.044323,-0.898565,0,0,0.898565,0.044323
659,1,-0.432903,0,0,-0.432903,1,0,0,0,0,0.047549,-0.900186,0,0,0.900186,0.047549
660,1,-0.429179,0,0,-0.429179,1,0,0,0,0,0.050767,-0.901791,0,0,0.901791,0.050767
661,1,-0.425424,0,0,-0.425424,1,0,0,0,0,0.053975,-0.903383,0,0,0.903383,0.053975
662,1,-0.421639,0,0,-0.421639,1,0,0,0,0,0.057176,-0.90496,0,0,0.90496,0.057176
663,1,-0.417824,0,0,-0.417824,1,0,0,0,0,0.060371,-0.90652,0,0,0.90652,0.060371
664,1,-0.413975,0,0,-0.413975,1,0,0,0,0,0.063555,-0.908067,0,0,0.908067,0.063555
665,1,-0.410095,0,0,-0.410095,1,0,0,0,0,0.066732,-0.909598,0,0,0.909598,0.066732
666,1,-0.406185,0,0,-0.406185,1,0,0,0,0,0.069904,-0.911113,0,0,0.911113,0.069904
667,1,-0.402242,0,0,-0.402242,1,0,0,0,0,0.073068,-0.912613,0,0,0.912613,0.073068
668,1,-0.398265,0,0,-0.398265,1,0,0,0,0,0.076223,-0.914098,0,0,0.914098,0.076223
669,1,-0.394257,0,0,-0.394257,1,0,0,0,0,0.079374,-0.915566,0,0,0.915566,0.079374
670,1,-0.390217,0,0,-0.390217,1,0,0,0,0,0.082519,-0.917018,0,0,0.917018,0.082519
671,1,-0.386141,0,0,-0.386141,1,0,0,0,0,0.085655,-0.918454,0,0,0.918454,0.085655
672,1,-0.382032,0,0,-0.382032,1,0,0,0,0,0.088786,-0.919874,0,0,0.919874,0.088786
673,1,-0.37789,0,0,-0.37789,1,0,0,0,0,0.091912,-0.921277,0,0,0.921277,0.091912
674,1,-0.373715,0,0,-0.373715,1,0,0,0,0,0.095033,-0.922662,0,0,0.922662,0.095033
675,1,-0.369502,0,0,-0.369502,1,0,0,0,0,0.098146,-0.924032,0,0,0.924032,0.098146
676,1,-0.365257,0,0,-0.365257,1,0,0,0,0,0.101254,-0.925384,0,0,0.925384,0.101254
677,1,-0.360977,0,0,-0.360977,1,0,0,0,0,0.10436,-0.926717,0,0,0.926717,0.10436
678,1,-0.356661,0,0,-0.356661,1,0,0,0,0,0.10746,-0.928033,0,0,0.928033,0.10746
679,1,-0.352309,0,0,-0.352309,1,0,0,0,0,0.110553,-0.929331,0,0,0.929331,0.110553
680,1,-0.347922,0,0,-0.347922,1,0,0,0,0,0.113643,-0.93061,0,0,0.93061,0.113643
681,1,-0.3435,0,0,-0.3435,1,0,0,0,0,0.116731,-0.93187,0,0,0.93187,0.116731
682,1,-0.339039,0,0,-0.339039,1,0,0,0,0,0.119812,-0.933112,0,0,0.933112,0.119812
683,1,-0.334542,0,0,-0.334542,1,0,0,0,0,0.12289,-0.934334,0,0,0.934334,0.12289
684,1,-0.330009,0,0,-0.330009,1,0,0,0,0,0.125965,-0.935536,0,0,0.935536,0.125965
685,1,-0.32544,0,0,-0.32544,1,0,0,0,0,0.129038,-0.936716,0,0,0.936716,0.129038
686,1,-0.320831,0,0,-0.320831,1,0,0,0,0,0.132104,-0.937878,0,0,0.937878,0.132104
687,1,-0.316185,0,0,-0.316185,1,0,0,0,0,0.135169,-0.939019,0,0,0.939019,0.135169
688,1,-0.311502,0,0,-0.311502,1,0,0,0,0,0.138232,-0.940137,0,0,0.940137,0.138232
689,1,-0.306782,0,0,-0.306782,1,0,0,0,0,0.141293,-0.941234,0,0,0.941234,0.141293
690,1,-0.30202,0,0,-0.30202,1,0,0,0,0,0.144348,-0.94231,0,0,0.94231,0.144348
691,1,-0.297221,0,0,-0.297221,1,0,0,0,0,0.147403,-0.943362,0,0,0.943362,0.147403
692,1,-0.292385,0,0,-0.292385,1,0,0,0,0,0.150457,-0.944391,0,0,0.944391,0.150457
693,1,-0.287509,0,0,-0.287509,1,0,0,0,0,0.153509,-0.945396,0,0,0.945396,0.153509
694,1,-0.282591,0,0,-0.282591,1,0,0,0,0,0.156557,-0.946378,0,0,0.946378,0.156557
695,1,-0.277635,0,0,-0.277635,1,0,0,0,0,0.159604,-0.947336,0,0,0.947336,0.159604
696,1,-0.272641,0,0,-0.272641,1,0,0,0,0,0.162652,-0.948267,0,0,0.948267,0.162652
697,1,-0.267606,0,0,-0.267606,1,0,0,0,0,0.165698,-0.949174,0,0,0.949174,0.165698
698,1,-0.262529,0,0,-0.262529,1,0,0,0,0,0.168741,-0.950055,0,0,0.950055,0.168741
699,1,-0.257412,0,0,-0.257412,1,0,0,0,0,0.171785,-0.950909,0,0,0.950909,0.171785
700,1,-0.252256,0,0,-0.252256,1,0,0,0,0,0.17483,-0.951736,0,0,0.951736,0.17483
701,1,-0.247059,0,0,-0.247059,1,0,0,0,0,0.177873,-0.952535,0,0,0.952535,0.177873
702,1,-0.241819,0,0,-0.241819,1,0,0,0,0,0.180914,-0.953307,0,0,0.953307,0.180914
703,1,-0.236539,0,0,-0.236539,1,0,0,0,0,0.183956,-0.954049,0,0,0.954049,0.183956
704,1,-0.231219,0,0,-0.231219,1,0,0,0,0,0.187001,-0.954761,0,0,0.954761,0.187001
705,1,-0.225856,0,0,-0.225856,1,0,0,0,0,0.190044,-0.955444,0,0,0.955444,0.190044
706,1,-0.22045,0,0,-0.22045,1,0,0,0,0,0.193085,-0.956096,0,0,0.956096,0.193085
707,1,-0.215004,0,0,-0.215004,1,0,0,0,0,0.196129,-0.956717,0,0,0.956717,0.196129
708,1,-0.209516,0,0,-0.209516,1,0,0,0,0,0.199175,-0.957305,0,0,0.957305,0.199175
709,1,-0.203986,0,0,-0.203986,1,0,0,0,0,0.202221,-0.95786,0,0,0.95786,0.202221
710,1,-0.198412,0,0,-0.198412,1,0,0,0,0,0.205266,-0.958383,0,0,0.958383,0.205266
711,1,-0.192797,0,0,-0.192797,1,0,0,0,0,0.208313,-0.958872,0,0,0.958872,0.208313
712,1,-0.18714,0,0,-0.18714,1,0,0,0,0,0.211364,-0.959325,0,0,0.959325,0.211364
713,1,-0.181441,0,0,-0.181441,1,0,0,0,0,0.214415,-0.959742,0,0,0.959742,0.214415
714,1,-0.175697,0,0,-0.175697,1,0,0,0,0,0.217465,-0.960125,0,0,0.960125,0.217465
715,1,-0.169911,0,0,-0.169911,1,0,0,0,0,0.220519,-0.96047,0,0,0.96047,0.220519
716,1,-0.164084,0,0,-0.164084,1,0,0,0,0,0.223576,-0.960776,0,0,0.960776,0.223576
717,1,-0.158214,0,0,-0.158214,1,0,0,0,0,0.226635,-0.961044,0,0,0.961044,0.226635
718,1,-0.152299,0,0,-0.152299,1,0,0,0,0,0.229692,-0.961273,0,0,0.961273,0.229692
719,1,-0.146342,0,0,-0.146342,1,0,0,0,0,0.232753,-0.961462,0,0,0.961462,0.232753
720,1,-0.140343,0,0,-0.140343,1,0,0,0,0,0.235819,-0.96161,0,0,0.96161,0.235819
721,1,-0.134302,0,0,-0.134302,1,0,0,0,0,0.238887,-0.961715,0,0,0.961715,0.238887
722,1,-0.128216,0,0,-0.128216,1,0,0,0,0,0.241954,-0.961779,0,0,0.961779,0.241954
723,1,-0.122087,0,0,-0.122087,1,0,0,0,0,0.245025,-0.961799,0,0,0.961799,0.245025
724,1,-0.115917,0,0,-0.115917,1,0,0,0,0,0.2481,-0.961774,0,0,0.961774,0.2481
725,1,-0.109706,0,0,-0.109706,1,0,0,0,0,0.251179,-0.961703,0,0,0.961703,0.251179
726,1,-0.103449,0,0,-0.103449,1,0,0,0,0,0.254258,-0.961588,0,0,0.961588,0.254258
727,1,-0.09715,0,0,-0.09715,1,0,0,0,0,0.257339,-0.961425,0,0,0.961425,0.257339
728,1,-0.090809,0,0,-0.090809,1,0,0,0,0,0.260425,-0.961214,0,0,0.961214,0.260425
729,1,-0.084427,0,0,-0.084427,1,0,0,0,0,0.263516,-0.960953,0,0,0.960953,0.263516
730,1,-0.078002,0,0,-0.078002,1,0,0,0,0,0.266608,-0.960644,0,0,0.960644,0.266608
731,1,-0.071534,0,0,-0.071534,1,0,0,0,0,0.269701,-0.960283,0,0,0.960283,0.269701
732,1,-0.065025,0,0,-0.065025,1,0,0,0,0,0.272799,-0.959871,0,0,0.959871,0.272799
733,1,-0.058475,0,0,-0.058475,1,0,0,0,0,0.275903,-0.959405,0,0,0.959405,0.275903
734,1,-0.051884,0,0,-0.051884,1,0,0,0,0,0.279009,-0.958886,0,0,0.958886,0.279009
735,1,-0.04525,0,0,-0.04525,1,0,0,0,0,0.282115,-0.958313,0,0,0.958313,0.282115
736,1,-0.038576,0,0,-0.038576,1,0,0,0,0,0.285226,-0.957684,0,0,0.957684,0.285226
737,1,-0.031862,0,0,-0.031862,1,0,0,0,0,0.288341,-0.956997,0,0,0.956997,0.288341
738,1,-0.025109,0,0,-0.025109,1,0,0,0,0,0.291462,-0.956253,0,0,0.956253,0.291462
739,1,-0.018313,0,0,-0.018313,1,0,0,0,0,0.294581,-0.955451,0,0,0.955451,0.294581
740,1,-0.011478,0,0,-0.011478,1,0,0,0,0,0.297704,-0.954589,0,0,0.954589,0.297704
741,1,-0.004605,0,0,-0.004605,1,0,0,0,0,0.300833,-0.953666,0,0,0.953666,0.300833
742,1,0.002306,0,0,0.002306,1,0,0,0,0,0.303966,-0.95268,0,0,0.95268,0.303966
743,1,0.009257,0,0,0.009257,1,0,0,0,0,0.307101,-0.951632,0,0,0.951632,0.307101
744,1,0.016247,0,0,0.016247,1,0,0,0,0,0.310236,-0.950521,0,0,0.950521,0.310236
745,1,0.023273,0,0,0.023273,1,0,0,0,0,0.313376,-0.949344,0,0,0.949344,0.313376
746,1,0.030336,0,0,0.030336,1,0,0,0,0,0.316522,-0.9481,0,0,0.9481,0.316522
747,1,0.037434,0,0,0.037434,1,0,0,0,0,0.319671,-0.946789,0,0,0.946789,0.319671
748,1,0.044571,0,0,0.044571,1,0,0,0,0,0.322818,-0.945411,0,0,0.945411,0.322818
749,1,0.051743,0,0,0.051743,1,0,0,0,0,0.32597,-0.943963,0,0,0.943963,0.32597
750,1,0.058949,0,0,0.058949,1,0,0,0,0,0.329125,-0.942445,0,0,0.942445,0.329125
751,1,0.066188,0,0,0.066188,1,0,0,0,0,0.332286,-0.940854,0,0,0.940854,0.332286
752,1,0.073461,0,0,0.073461,1,0,0,0,0,0.335446,-0.939191,0,0,0.939191,0.335446
753,1,0.080769,0,0,0.080769,1,0,0,0,0,0.338607,-0.937455,0,0,0.937455,0.338607
754,1,0.088109,0,0,0.088109,1,0,0,0,0,0.341771,-0.935644,0,0,0.935644,0.341771
755,1,0.095479,0,0,0.095479,1,0,0,0,0,0.34494,-0.933756,0,0,0.933756,0.34494
756,1,0.102878,0,0,0.102878,1,0,0,0,0,0.348112,-0.931791,0,0,0.931791,0.348112
757,1,0.11031,0,0,0.11031,1,0,0,0,0,0.35128,-0.929749,0,0,0.929749,0.35128
758,1,0.117771,0,0,0.117771,1,0,0,0,0,0.354451,-0.927628,0,0,0.927628,0.354451
759,1,0.12526,0,0,0.12526,1,0,0,0,0,0.357625,-0.925427,0,0,0.925427,0.357625
760,1,0.132775,0,0,0.132775,1,0,0,0,0,0.360802,-0.923143,0,0,0.923143,0.360802
761,1,0.140316,0,0,0.140316,1,0,0,0,0,0.36398,-0.920777,0,0,0.920777,0.36398
762,1,0.147886,0,0,0.147886,1,0,0,0,0,0.367154,-0.918329,0,0,0.918329,0.367154
763,1,0.155479,0,0,0.155479,1,0,0,0,0,0.370331,-0.915795,0,0,0.915795,0.370331
764,1,0.163094,0,0,0.163094,1,0,0,0,0,0.37351,-0.913176,0,0,0.913176,0.37351
765,1,0.170731,0,0,0.170731,1,0,0,0,0,0.376691,-0.91047,0,0,0.91047,0.376691
766,1,0.178392,0,0,0.178392,1,0,0,0,0,0.379869,-0.907676,0,0,0.907676,0.379869
767,1,0.186073,0,0,0.186073,1,0,0,0,0,0.383044,-0.904795,0,0,0.904795,0.383044
768,1,0.193773,0,0,0.193773,1,0,0,0,0,0.38622,-0.901824,0,0,0.901824,0.38622
769,1,0.201491,0,0,0.201491,1,0,0,0,0,0.389397,-0.898761,0,0,0.898761,0.389397
770,1,0.209224,0,0,0.209224,1,0,0,0,0,0.392575,-0.895606,0,0,0.895606,0.392575
771,1,0.216976,0,0,0.216976,1,0,0,0,0,0.395746,-0.89236,0,0,0.89236,0.395746
772,1,0.224742,0,0,0.224742,1,0,0,0,0,0.398915,-0.889021,0,0,0.889021,0.398915
773,1,0.23252,0,0,0.23252,1,0,0,0,0,0.402084,-0.885586,0,0,0.885586,0.402084
774,1,0.240309,0,0,0.240309,1,0,0,0,0,0.405252,-0.882056,0,0,0.882056,0.405252
775,1,0.248108,0,0,0.248108,1,0,0,0,0,0.408419,-0.878428,0,0,0.878428,0.408419
776,1,0.25592,0,0,0.25592,1,0,0,0,0,0.411575,-0.874706,0,0,0.874706,0.411575
777,1,0.263738,0,0,0.263738,1,0,0,0,0,0.41473,-0.870885,0,0,0.870885,0.41473
778,1,0.271562,0,0,0.271562,1,0,0,0,0,0.417883,-0.866965,0,0,0.866965,0.417883
779,1,0.279389,0,0,0.279389,1,0,0,0,0,0.421032,-0.862945,0,0,0.862945,0.421032
780,1,0.28722,0,0,0.28722,1,0,0,0,0,0.424178,-0.858824,0,0,0.858824,0.424178
781,1,0.295055,0,0,0.295055,1,0,0,0,0,0.427313,-0.854603,0,0,0.854603,0.427313
782,1,0.30289,0,0,0.30289,1,0,0,0,0,0.430443,-0.85028,0,0,0.85028,0.430443
783,1,0.310722,0,0,0.310722,1,0,0,0,0,0.433569,-0.845854,0,0,0.845854,0.433569
784,1,0.318551,0,0,0.318551,1,0,0,0,0,0.436691,-0.841325,0,0,0.841325,0.436691
785,1,0.326374,0,0,0.326374,1,0,0,0,0,0.439805,-0.836691,0,0,0.836691,0.439805
786,1,0.334195,0,0,0.334195,1,0,0,0,0,0.442906,-0.831954,0,0,0.831954,0.442906
787,1,0.342006,0,0,0.342006,1,0,0,0,0,0.446001,-0.827112,0,0,0.827112,0.446001
788,1,0.349807,0,0,0.349807,1,0,0,0,0,0.449089,-0.822164,0,0,0.822164,0.449089
789,1,0.357595,0,0,0.357595,1,0,0,0,0,0.452169,-0.81711,0,0,0.81711,0.452169
790,1,0.36537,0,0,0.36537,1,0,0,0,0,0.455241,-0.811948,0,0,0.811948,0.455241
791,1,0.373133,0,0,0.373133,1,0,0,0,0,0.458297,-0.806682,0,0,0.806682,0.458297
792,1,0.380878,0,0,0.380878,1,0,0,0,0,0.461344,-0.801308,0,0,0.801308,0.461344
793,1,0.388604,0,0,0.388604,1,0,0,0,0,0.464381,-0.795825,0,0,0.795825,0.464381
794,1,0.396307,0,0,0.396307,1,0,0,0,0,0.467409,-0.790234,0,0,0.790234,0.467409
795,1,0.403988,0,0,0.403988,1,0,0,0,0,0.470425,-0.784534,0,0,0.784534,0.470425
796,1,0.411648,0,0,0.411648,1,0,0,0,0,0.473423,-0.778728,0,0,0.778728,0.473423
797,1,0.41928,0,0,0.41928,1,0,0,0,0,0.476408,-0.772813,0,0,0.772813,0.476408
798,1,0.426883,0,0,0.426883,1,0,0,0,0,0.479382,-0.766788,0,0,0.766788,0.479382
799,1,0.434455,0,0,0.434455,1,0,0,0,0,0.482342,-0.760654,0,0,0.760654,0.482342
800,1,0.441993,0,0,0.441993,1,0,0,0,0,0.485289,-0.754411,0,0,0.754411,0.485289
801,1,0.449502,0,0,0.449502,1,0,0,0,0,0.488213,-0.748061,0,0,0.748061,0.488213
802,1,0.456974,0,0,0.456974,1,0,0,0,0,0.491122,-0.741602,0,0,0.741602,0.491122
803,1,0.464406,0,0,0.464406,1,0,0,0,0,0.494017,-0.735034,0,0,0.735034,0.494017
804,1,0.471796,0,0,0.471796,1,0,0,0,0,0.496895,-0.728357,0,0,0.728357,0.496895
805,1,0.479143,0,0,0.479143,1,0,0,0,0,0.499758,-0.721571,0,0,0.721571,0.499758
806,1,0.486449,0,0,0.486449,1,0,0,0,0,0.502596,-0.714678,0,0,0.714678,0.502596
807,1,0.493708,0,0,0.493708,1,0,0,0,0,0.505414,-0.707678,0,0,0.707678,0.505414
808,1,0.500918,0,0,0.500918,1,0,0,0,0,0.508214,-0.70057,0,0,0.70057,0.508214
809,1,0.508076,0,0,0.508076,1,0,0,0,0,0.510995,-0.693356,0,0,0.693356,0.510995
810,1,0.515181,0,0,0.515181,1,0,0,0,0,0.513757,-0.686033,0,0,0.686033,0.513757
811,1,0.522233,0,0,0.522233,1,0,0,0,0,0.516494,-0.678607,0,0,0.678607,0.516494
812,1,0.529229,0,0,0.529229,1,0,0,0,0,0.519205,-0.671076,0,0,0.671076,0.519205
813,1,0.536166,0,0,0.536166,1,0,0,0,0,0.521895,-0.663439,0,0,0.663439,0.521895
814,1,0.543041,0,0,0.543041,1,0,0,0,0,0.524563,-0.655698,0,0,0.655698,0.524563
815,1,0.54985,0,0,0.54985,1,0,0,0,0,0.527209,-0.647854,0,0,0.647854,0.527209
816,1,0.556596,0,0,0.556596,1,0,0,0,0,0.529829,-0.639908,0,0,0.639908,0.529829
817,1,0.563279,0,0,0.563279,1,0,0,0,0,0.532417,-0.631862,0,0,0.631862,0.532417
818,1,0.56989,0,0,0.56989,1,0,0,0,0,0.534982,-0.623714,0,0,0.623714,0.534982
819,1,0.57643,0,0,0.57643,1,0,0,0,0,0.53752,-0.615468,0,0,0.615468,0.53752
820,1,0.582895,0,0,0.582895,1,0,0,0,0,0.540033,-0.607122,0,0,0.607122,0.540033
821,1,0.589284,0,0,0.589284,1,0,0,0,0,0.54252,-0.598678,0,0,0.598678,0.54252
822,1,0.595601,0,0,0.595601,1,0,0,0,0,0.544973,-0.59014,0,0,0.59014,0.544973
823,1,0.601838,0,0,0.601838,1,0,0,0,0,0.547395,-0.581507,0,0,0.581507,0.547395
824,1,0.607993,0,0,0.607993,1,0,0,0,0,0.549789,-0.57278,0,0,0.57278,0.549789
825,1,0.614064,0,0,0.614064,1,0,0,0,0,0.552155,-0.56396,0,0,0.56396,0.552155
826,1,0.620049,0,0,0.620049,1,0,0,0,0,0.554491,-0.555049,0,0,0.555049,0.554491
827,1,0.625949,0,0,0.625949,1,0,0,0,0,0.556794,-0.546048,0,0,0.546048,0.556794
828,1,0.631764,0,0,0.631764,1,0,0,0,0,0.559059,-0.536961,0,0,0.536961,0.559059
829,1,0.637487,0,0,0.637487,1,0,0,0,0,0.561294,-0.527787,0,0,0.527787,0.561294
830,1,0.643118,0,0,0.643118,1,0,0,0,0,0.563496,-0.518528,0,0,0.518528,0.563496
831,1,0.648654,0,0,0.648654,1,0,0,0,0,0.565667,-0.509185,0,0,0.509185,0.565667
832,1,0.654093,0,0,0.654093,1,0,0,0,0,0.567805,-0.49976,0,0,0.49976,0.567805
833,1,0.65944,0,0,0.65944,1,0,0,0,0,0.569902,-0.490256,0,0,0.490256,0.569902
834,1,0.664688,0,0,0.664688,1,0,0,0,0,0.571963,-0.480675,0,0,0.480675,0.571963
835,1,0.669835,0,0,0.669835,1,0,0,0,0,0.57399,-0.471017,0,0,0.471017,0.57399
836,1,0.674879,0,0,0.674879,1,0,0,0,0,0.575982,-0.461284,0,0,0.461284,0.575982
837,1,0.679819,0,0,0.679819,1,0,0,0,0,0.577939,-0.451478,0,0,0.451478,0.577939
838,1,0.684654,0,0,0.684654,1,0,0,0,0,0.579858,-0.441603,0,0,0.441603,0.579858
839,1,0.689389,0,0,0.689389,1,0,0,0,0,0.581733,-0.43166,0,0,0.43166,0.581733
840,1,0.694014,0,0,0.694014,1,0,0,0,0,0.583571,-0.42165,0,0,0.42165,0.583571
841,1,0.69853,0,0,0.69853,1,0,0,0,0,0.585373,-0.411575,0,0,0.411575,0.585373
842,1,0.702935,0,0,0.702935,1,0,0,0,0,0.587136,-0.401439,0,0,0.401439,0.587136
843,1,0.707228,0,0,0.707228,1,0,0,0,0,0.588862,-0.391241,0,0,0.391241,0.588862
844,1,0.711411,0,0,0.711411,1,0,0,0,0,0.590545,-0.380987,0,0,0.380987,0.590545
845,1,0.715483,0,0,0.715483,1,0,0,0,0,0.592185,-0.370677,0,0,0.370677,0.592185
846,1,0.719439,0,0,0.719439,1,0,0,0,0,0.593785,-0.360314,0,0,0.360314,0.593785
847,1,0.72328,0,0,0.72328,1,0,0,0,0,0.595346,-0.3499,0,0,0.3499,0.595346
848,1,0.727002,0,0,0.727002,1,0,0,0,0,0.596868,-0.339436,0,0,0.339436,0.596868
849,1,0.730607,0,0,0.730607,1,0,0,0,0,0.598349,-0.328925,0,0,0.328925,0.598349
850,1,0.734098,0,0,0.734098,1,0,0,0,0,0.599784,-0.318371,0,0,0.318371,0.599784
851,1,0.73747,0,0,0.73747,1,0,0,0,0,0.601175,-0.307777,0,0,0.307777,0.601175
852,1,0.740722,0,0,0.740722,1,0,0,0,0,0.602526,-0.297141,0,0,0.297141,0.602526
853,1,0.743854,0,0,0.743854,1,0,0,0,0,0.603836,-0.286469,0,0,0.286469,0.603836
854,1,0.746863,0,0,0.746863,1,0,0,0,0,0.605104,-0.275762,0,0,0.275762,0.605104
855,1,0.74975,0,0,0.74975,1,0,0,0,0,0.606331,-0.265023,0,0,0.265023,0.606331
856,1,0.752521,0,0,0.752521,1,0,0,0,0,0.607509,-0.254254,0,0,0.254254,0.607509
857,1,0.755169,0,0,0.755169,1,0,0,0,0,0.608644,-0.243459,0,0,0.243459,0.608644
858,1,0.757694,0,0,0.757694,1,0,0,0,0,0.609737,-0.232639,0,0,0.232639,0.609737
859,1,0.760095,0,0,0.760095,1,0,0,0,0,0.610788,-0.221795,0,0,0.221795,0.610788
860,1,0.762372,0,0,0.762372,1,0,0,0,0,0.611797,-0.210933,0,0,0.210933,0.611797
861,1,0.764526,0,0,0.764526,1,0,0,0,0,0.612764,-0.200051,0,0,0.200051,0.612764
862,1,0.766561,0,0,0.766561,1,0,0,0,0,0.613681,-0.189156,0,0,0.189156,0.613681
863,1,0.768472,0,0,0.768472,1,0,0,0,0,0.614555,-0.17825,0,0,0.17825,0.614555
864,1,0.77026,0,0,0.77026,1,0,0,0,0,0.615386,-0.167332,0,0,0.167332,0.615386
865,1,0.771923,0,0,0.771923,1,0,0,0,0,0.616176,-0.156406,0,0,0.156406,0.616176
866,1,0.773462,0,0,0.773462,1,0,0,0,0,0.616923,-0.145476,0,0,0.145476,0.616923
867,1,0.774877,0,0,0.774877,1,0,0,0,0,0.617627,-0.134542,0,0,0.134542,0.617627
868,1,0.776175,0,0,0.776175,1,0,0,0,0,0.618283,-0.123608,0,0,0.123608,0.618283
869,1,0.77735,0,0,0.77735,1,0,0,0,0,0.618895,-0.112678,0,0,0.112678,0.618895
870,1,0.778402,0,0,0.778402,1,0,0,0,0,0.619465,-0.101751,0,0,0.101751,0.619465
871,1,0.779332,0,0,0.779332,1,0,0,0,0,0.619993,-0.090831,0,0,0.090831,0.619993
872,1,0.78014,0,0,0.78014,1,0,0,0,0,0.62048,-0.079919,0,0,0.079919,0.62048
873,1,0.780825,0,0,0.780825,1,0,0,0,0,0.620925,-0.069019,0,0,0.069019,0.620925
874,1,0.781396,0,0,0.781396,1,0,0,0,0,0.621322,-0.058134,0,0,0.058134,0.621322
875,1,0.781847,0,0,0.781847,1,0,0,0,0,0.621676,-0.047265,0,0,0.047265,0.621676
876,1,0.782179,0,0,0.782179,1,0,0,0,0,0.621989,-0.036413,0,0,0.036413,0.621989
877,1,0.782392,0,0,0.782392,1,0,0,0,0,0.622261,-0.025582,0,0,0.025582,0.622261
878,1,0.782487,0,0,0.782487,1,0,0,0,0,0.622492,-0.014774,0,0,0.014774,0.622492
879,1,0.782463,0,0,0.782463,1,0,0,0,0,0.622684,-0.003991,0,0,0.003991,0.622684
880,1,0.782328,0,0,0.782328,1,0,0,0,0,0.62283,0.006765,0,0,-0.006765,0.62283
881,1,0.78208,0,0,0.78208,1,0,0,0,0,0.622933,0.017492,0,0,-0.017492,0.622933
882,1,0.781717,0,0,0.781717,1,0,0,0,0,0.622996,0.028187,0,0,-0.028187,0.622996
883,1,0.781241,0,0,0.781241,1,0,0,0,0,0.62302,0.03885,0,0,-0.03885,0.62302
884,1,0.780652,0,0,0.780652,1,0,0,0,0,0.623005,0.049478,0,0,-0.049478,0.623005
885,1,0.77995,0,0,0.77995,1,0,0,0,0,0.622952,0.060068,0,0,-0.060068,0.622952
886,1,0.779141,0,0,0.779141,1,0,0,0,0,0.622858,0.07062,0,0,-0.07062,0.622858
887,1,0.778227,0,0,0.778227,1,0,0,0,0,0.62272,0.08113,0,0,-0.08113,0.62272
888,1,0.777206,0,0,0.777206,1,0,0,0,0,0.622545,0.091597,0,0,-0.091597,0.622545
889,1,0.776076,0,0,0.776076,1,0,0,0,0,0.622333,0.10202,0,0,-0.10202,0.622333
890,1,0.774842,0,0,0.774842,1,0,0,0,0,0.622083,0.112396,0,0,-0.112396,0.622083
891,1,0.773502,0,0,0.773502,1,0,0,0,0,0.621798,0.122725,0,0,-0.122725,0.621798
892,1,0.77206,0,0,0.77206,1,0,0,0,0,0.621477,0.133004,0,0,-0.133004,0.621477
893,1,0.770522,0,0,0.770522,1,0,0,0,0,0.621113,0.14323,0,0,-0.14323,0.621113
894,1,0.768884,0,0,0.768884,1,0,0,0,0,0.620713,0.153405,0,0,-0.153405,0.620713
895,1,0.767147,0,0,0.767147,1,0,0,0,0,0.620278,0.163525,0,0,-0.163525,0.620278
896,1,0.765312,0,0,0.765312,1,0,0,0,0,0.61981,0.173589,0,0,-0.173589,0.61981
897,1,0.763381,0,0,0.763381,1,0,0,0,0,0.619307,0.183596,0,0,-0.183596,0.619307
898,1,0.761356,0,0,0.761356,1,0,0,0,0,0.618772,0.193544,0,0,-0.193544,0.618772
899,1,0.75924,0,0,0.75924,1,0,0,0,0,0.618199,0.203431,0,0,-0.203431,0.618199
900,1,0.757036,0,0,0.757036,1,0,0,0,0,0.61759,0.213257,0,0,-0.213257,0.61759
901,1,0.754742,0,0,0.754742,1,0,0,0,0,0.61695,0.22302,0,0,-0.22302,0.61695
902,1,0.752359,0,0,0.752359,1,0,0,0,0,0.616277,0.232719,0,0,-0.232719,0.616277
903,1,0.749888,0,0,0.749888,1,0,0,0,0,0.615575,0.242353,0,0,-0.242353,0.615575
904,1,0.747333,0,0,0.747333,1,0,0,0,0,0.614841,0.251921,0,0,-0.251921,0.614841
905,1,0.744692,0,0,0.744692,1,0,0,0,0,0.614078,0.261422,0,0,-0.261422,0.614078
906,1,0.741975,0,0,0.741975,1,0,0,0,0,0.613279,0.270853,0,0,-0.270853,0.613279
907,1,0.739178,0,0,0.739178,1,0,0,0,0,0.612449,0.280216,0,0,-0.280216,0.612449
908,1,0.736302,0,0,0.736302,1,0,0,0,0,0.611592,0.289508,0,0,-0.289508,0.611592
909,1,0.733348,0,0,0.733348,1,0,0,0,0,0.610707,0.298729,0,0,-0.298729,0.610707
910,1,0.730317,0,0,0.730317,1,0,0,0,0,0.609794,0.307878,0,0,-0.307878,0.609794
911,1,0.727212,0,0,0.727212,1,0,0,0,0,0.608854,0.316954,0,0,-0.316954,0.608854
912,1,0.724035,0,0,0.724035,1,0,0,0,0,0.607887,0.325955,0,0,-0.325955,0.607887
913,1,0.720792,0,0,0.720792,1,0,0,0,0,0.606887,0.334884,0,0,-0.334884,0.606887
914,1,0.717479,0,0,0.717479,1,0,0,0,0,0.605863,0.343736,0,0,-0.343736,0.605863
915,1,0.714098,0,0,0.714098,1,0,0,0,0,0.604813,0.352512,0,0,-0.352512,0.604813
916,1,0.71065,0,0,0.71065,1,0,0,0,0,0.60374,0.361212,0,0,-0.361212,0.60374
917,1,0.707137,0,0,0.707137,1,0,0,0,0,0.602643,0.369836,0,0,-0.369836,0.602643
918,1,0.703561,0,0,0.703561,1,0,0,0,0,0.601523,0.378382,0,0,-0.378382,0.601523
919,1,0.699926,0,0,0.699926,1,0,0,0,0,0.600376,0.38685,0,0,-0.38685,0.600376
920,1,0.696234,0,0,0.696234,1,0,0,0,0,0.599204,0.395239,0,0,-0.395239,0.599204
921,1,0.692483,0,0,0.692483,1,0,0,0,0,0.59801,0.403549,0,0,-0.403549,0.59801
922,1,0.688675,0,0,0.688675,1,0,0,0,0,0.596794,0.411781,0,0,-0.411781,0.596794
923,1,0.684812,0,0,0.684812,1,0,0,0,0,0.595558,0.419932,0,0,-0.419932,0.595558
924,1,0.680894,0,0,0.680894,1,0,0,0,0,0.594303,0.428004,0,0,-0.428004,0.594303
925,1,0.676924,0,0,0.676924,1,0,0,0,0,0.593027,0.435996,0,0,-0.435996,0.593027
926,1,0.672907,0,0,0.672907,1,0,0,0,0,0.591728,0.443908,0,0,-0.443908,0.591728
927,1,0.668844,0,0,0.668844,1,0,0,0,0,0.590407,0.451739,0,0,-0.451739,0.590407
928,1,0.664731,0,0,0.664731,1,0,0,0,0,0.589069,0.45949,0,0,-0.45949,0.589069
929,1,0.660573,0,0,0.660573,1,0,0,0,0,0.587712,0.467159,0,0,-0.467159,0.587712
930,1,0.65637,0,0,0.65637,1,0,0,0,0,0.586339,0.474748,0,0,-0.474748,0.586339
931,1,0.652122,0,0,0.652122,1,0,0,0,0,0.584949,0.482256,0,0,-0.482256,0.584949
932,1,0.647834,0,0,0.647834,1,0,0,0,0,0.583542,0.489683,0,0,-0.489683,0.583542
933,1,0.643508,0,0,0.643508,1,0,0,0,0,0.582117,0.497029,0,0,-0.497029,0.582117
934,1,0.639145,0,0,0.639145,1,0,0,0,0,0.580672,0.504294,0,0,-0.504294,0.580672
935,1,0.634745,0,0,0.634745,1,0,0,0,0,0.579214,0.511479,0,0,-0.511479,0.579214
936,1,0.630308,0,0,0.630308,1,0,0,0,0,0.57774,0.518582,0,0,-0.518582,0.57774
937,1,0.625836,0,0,0.625836,1,0,0,0,0,0.576254,0.525605,0,0,-0.525605,0.576254
938,1,0.62133,0,0,0.62133,1,0,0,0,0,0.574753,0.532548,0,0,-0.532548,0.574753
939,1,0.616792,0,0,0.616792,1,0,0,0,0,0.573241,0.53941,0,0,-0.53941,0.573241
940,1,0.612227,0,0,0.612227,1,0,0,0,0,0.57171,0.546192,0,0,-0.546192,0.57171
941,1,0.607634,0,0,0.607634,1,0,0,0,0,0.570166,0.552894,0,0,-0.552894,0.570166
942,1,0.603013,0,0,0.603013,1,0,0,0,0,0.56861,0.559517,0,0,-0.559517,0.56861
943,1,0.598364,0,0,0.598364,1,0,0,0,0,0.567043,0.56606,0,0,-0.56606,0.567043
944,1,0.593689,0,0,0.593689,1,0,0,0,0,0.565464,0.572524,0,0,-0.572524,0.565464
945,1,0.58899,0,0,0.58899,1,0,0,0,0,0.563876,0.578908,0,0,-0.578908,0.563876
946,1,0.584268,0,0,0.584268,1,0,0,0,0,0.562277,0.585215,0,0,-0.585215,0.562277
947,1,0.579525,0,0,0.579525,1,0,0,0,0,0.560666,0.591442,0,0,-0.591442,0.560666
948,1,0.574764,0,0,0.574764,1,0,0,0,0,0.559042,0.597593,0,0,-0.597593,0.559042
949,1,0.569983,0,0,0.569983,1,0,0,0,0,0.55741,0.603667,0,0,-0.603667,0.55741
950,1,0.565184,0,0,0.565184,1,0,0,0,0,0.555769,0.609663,0,0,-0.609663,0.555769
951,1,0.560366,0,0,0.560366,1,0,0,0,0,0.55412,0.615582,0,0,-0.615582,0.55412
952,1,0.555532,0,0,0.555532,1,0,0,0,0,0.552463,0.621425,0,0,-0.621425,0.552463
953,1,0.550682,0,0,0.550682,1,0,0,0,0,0.550799,0.627191,0,0,-0.627191,0.550799
954,1,0.545819,0,0,0.545819,1,0,0,0,0,0.549127,0.632883,0,0,-0.632883,0.549127
955,1,0.540946,0,0,0.540946,1,0,0,0,0,0.547444,0.638501,0,0,-0.638501,0.547444
956,1,0.536061,0,0,0.536061,1,0,0,0,0,0.545753,0.644044,0,0,-0.644044,0.545753
957,1,0.531164,0,0,0.531164,1,0,0,0,0,0.544057,0.649513,0,0,-0.649513,0.544057
958,1,0.526257,0,0,0.526257,1,0,0,0,0,0.542355,0.654908,0,0,-0.654908,0.542355
959,1,0.52134,0,0,0.52134,1,0,0,0,0,0.540648,0.660231,0,0,-0.660231,0.540648
960,1,0.516415,0,0,0.516415,1,0,0,0,0,0.538936,0.66548,0,0,-0.66548,0.538936
961,1,0.511481,0,0,0.511481,1,0,0,0,0,0.537219,0.670658,0,0,-0.670658,0.537219
962,1,0.506545,0,0,0.506545,1,0,0,0,0,0.535493,0.675765,0,0,-0.675765,0.535493
963,1,0.501604,0,0,0.501604,1,0,0,0,0,0.533763,0.680802,0,0,-0.680802,0.533763
964,1,0.496657,0,0,0.496657,1,0,0,0,0,0.532027,0.685769,0,0,-0.685769,0.532027
965,1,0.491706,0,0,0.491706,1,0,0,0,0,0.530289,0.690665,0,0,-0.690665,0.530289
966,1,0.486752,0,0,0.486752,1,0,0,0,0,0.528548,0.695492,0,0,-0.695492,0.528548
967,1,0.481794,0,0,0.481794,1,0,0,0,0,0.526804,0.700251,0,0,-0.700251,0.526804
968,1,0.476835,0,0,0.476835,1,0,0,0,0,0.525056,0.704942,0,0,-0.704942,0.525056
969,1,0.471876,0,0,0.471876,1,0,0,0,0,0.523306,0.709566,0,0,-0.709566,0.523306
970,1,0.46692,0,0,0.46692,1,0,0,0,0,0.521549,0.714124,0,0,-0.714124,0.521549
971,1,0.461964,0,0,0.461964,1,0,0,0,0,0.51979,0.718615,0,0,-0.718615,0.51979
972,1,0.45701,0,0,0.45701,1,0,0,0,0,0.518029,0.723041,0,0,-0.723041,0.518029
973,1,0.452056,0,0,0.452056,1,0,0,0,0,0.516266,0.727402,0,0,-0.727402,0.516266
974,1,0.447105,0,0,0.447105,1,0,0,0,0,0.514503,0.731699,0,0,-0.731699,0.514503
975,1,0.442158,0,0,0.442158,1,0,0,0,0,0.512739,0.735932,0,0,-0.735932,0.512739
976,1,0.437214,0,0,0.437214,1,0,0,0,0,0.510973,0.740102,0,0,-0.740102,0.510973
977,1,0.432276,0,0,0.432276,1,0,0,0,0,0.509204,0.74421,0,0,-0.74421,0.509204
978,1,0.427345,0,0,0.427345,1,0,0,0,0,0.507433,0.748256,0,0,-0.748256,0.507433
979,1,0.42242,0,0,0.42242,1,0,0,0,0,0.505662,0.752241,0,0,-0.752241,0.505662
980,1,0.417501,0,0,0.417501,1,0,0,0,0,0.503891,0.756166,0,0,-0.756166,0.503891
981,1,0.412588,0,0,0.412588,1,0,0,0,0,0.50212,0.760031,0,0,-0.760031,0.50212
982,1,0.407682,0,0,0.407682,1,0,0,0,0,0.500349,0.763836,0,0,-0.763836,0.500349
983,1,0.402784,0,0,0.402784,1,0,0,0,0,0.49858,0.767583,0,0,-0.767583,0.49858
984,1,0.397894,0,0,0.397894,1,0,0,0,0,0.496811,0.771271,0,0,-0.771271,0.496811
985,1,0.393016,0,0,0.393016,1,0,0,0,0,0.495039,0.774903,0,0,-0.774903,0.495039
986,1,0.388148,0,0,0.388148,1,0,0,0,0,0.493267,0.778478,0,0,-0.778478,0.493267
987,1,0.383289,0,0,0.383289,1,0,0,0,0,0.491497,0.781998,0,0,-0.781998,0.491497
988,1,0.378441,0,0,0.378441,1,0,0,0,0,0.489729,0.785461,0,0,-0.785461,0.489729
989,1,0.373602,0,0,0.373602,1,0,0,0,0,0.487962,0.788869,0,0,-0.788869,0.487962
990,1,0.368775,0,0,0.368775,1,0,0,0,0,0.486197,0.792223,0,0,-0.792223,0.486197
991,1,0.363958,0,0,0.363958,1,0,0,0,0,0.484434,0.795524,0,0,-0.795524,0.484434
992,1,0.359154,0,0,0.359154,1,0,0,0,0,0.482673,0.798771,0,0,-0.798771,0.482673
993,1,0.354366,0,0,0.354366,1,0,0,0,0,0.480909,0.801967,0,0,-0.801967,0.480909
994,1,0.34959,0,0,0.34959,1,0,0,0,0,0.479148,0.805111,0,0,-0.805111,0.479148
995,1,0.344826,0,0,0.344826,1,0,0,0,0,0.47739,0.808204,0,0,-0.808204,0.47739
996,1,0.340076,0,0,0.340076,1,0,0,0,0,0.475634,0.811246,0,0,-0.811246,0.475634
997,1,0.335339,0,0,0.335339,1,0,0,0,0,0.473881,0.814238,0,0,-0.814238,0.473881
998,1,0.330616,0,0,0.330616,1,0,0,0,0,0.472131,0.817181,0,0,-0.817181,0.472131
999,1,0.325907,0,0,0.325907,1,0,0,0,0,0.470384,0.820075,0,0,-0.820075,0.470384
